记录编号,项目名称,评分项名称,评分项类型,满分,得分,得分率,评分说明,得分要素,失分原因,改进建议,可复用内容,适用场景,备注
SE-001,XX市一网通办平台,技术方案理解,技术方案,5,5,100%,对招标技术需求理解准确到位,需求逐条响应+技术映射表,无,保持逐条响应模式,技术需求响应表模板,所有技术标书,标杆案例
SE-002,XX市一网通办平台,总体架构设计,技术方案,10,10,100%,架构设计合理且有创新,分层架构图+技术选型论证+架构决策记录,无,保持分层架构+选型论证方式,分层架构设计模板,所有技术标书,标杆案例
SE-003,XX市一网通办平台,技术路线先进性,技术方案,10,9,90%,技术路线先进但部分选型可优化,主流技术栈+版本说明,未说明技术版本的生命周期,增加技术版本生命周期分析,技术选型对比表模板,所有技术标书,
SE-004,XX市一网通办平台,实施方案,技术方案,10,8,80%,实施方案完整但进度偏保守,甘特图+里程碑+关键路径,进度计划过于保守缺少并行,增加并行任务设计,实施方案模板(含甘特图),所有技术标书,
SE-005,XX市一网通办平台,质量保障方案,技术方案,10,9,90%,质量保障体系完整,质量管理体系+测试方案+缺陷管理,测试环境与生产环境差异说明不足,增加环境一致性保障方案,质量保障方案模板,所有技术标书,
SE-006,XX市一网通办平台,安全方案,技术方案,10,8,80%,安全方案基本满足但不够深入,等保三级+安全架构+安全措施,安全方案缺少数据脱敏细节,增加数据脱敏+密钥管理方案,安全方案模板,涉及等保要求的项目,
SE-007,XX市一网通办平台,创新性,技术方案,5,3,60%,创新性不足,AI智能客服模块,创新点少且不够突出,增加2-3个创新点并详细阐述,创新方案素材库,所有技术标书,需重点改进
SE-008,XX省政务云平台,技术方案理解,技术方案,5,5,100%,理解到位,需求逐条响应,无,保持,技术需求响应表模板,所有技术标书,
SE-009,XX省政务云平台,总体架构设计,技术方案,10,9,90%,架构合理,云原生架构+容器化,微服务拆分粒度说明不够,增加微服务拆分原则说明,云原生架构模板,云平台类项目,
SE-010,XX省政务云平台,技术路线先进性,技术方案,10,8,80%,技术路线较好,Kubernetes+Service Mesh,Service Mesh方案过于超前,评估团队技术能力后选择合适方案,技术选型对比表,云平台类项目,
SE-011,XX市智慧城市大数据平台,安全方案,技术方案,10,5,50%,安全方案严重不足,基础安全措施,缺少数据脱敏/访问审计/密钥管理,完善安全方案三大要素,安全方案检查清单,所有涉及数据的项目,失分案例
SE-012,XX市智慧城市大数据平台,创新性,技术方案,5,5,100%,创新性突出,流批一体+AI预测+数据血缘,无,保持创新设计,创新方案素材库,大数据类项目,标杆案例
SE-013,XX区一网统管平台,实施方案,技术方案,10,9,90%,实施方案详实,关键路径+并行设计+风险预案,资源分配不够细化,增加资源负荷图,实施方案模板,所有技术标书,
SE-014,XX区一网统管平台,技术路线先进性,技术方案,10,10,100%,技术路线优秀,规则引擎+事件驱动,无,保持,技术选型对比表,所有技术标书,标杆案例
